{"cameraMode":{"drawMode":0,"name":"Shaded","section":"Shading Mode"},"sceneLighting":false,"audioPlay":false,"sceneViewState":{"showFog":true,"showMaterialUpdate":false,"showSkybox":false,"showFlares":true,"showImageEffects":true,"showParticleSystems":true},"in2DMode":false,"pivot":{"x":4.987112045288086,"y":0.9623902440071106,"z":-2.0252602100372316},"rotation":{"x":0.06198790296912193,"y":0.7823467254638672,"z":-0.07889361679553986,"w":0.6147398352622986},"size":2.089431047439575,"orthographic":false}