{"cameraMode":{"drawMode":0,"name":"Shaded","section":"Shading Mode"},"sceneLighting":false,"audioPlay":false,"sceneViewState":{"showFog":true,"showMaterialUpdate":false,"showSkybox":false,"showFlares":true,"showImageEffects":true,"showParticleSystems":true},"in2DMode":false,"pivot":{"x":0.3252143859863281,"y":0.08393466472625733,"z":-1.2447102069854737},"rotation":{"x":-0.11227075755596161,"y":0.6684781312942505,"z":-0.1030743271112442,"w":-0.7280057668685913},"size":1.6383639574050904,"orthographic":false}