{"cameraMode":{"drawMode":0,"name":"Shaded","section":"Shading Mode"},"sceneLighting":true,"audioPlay":false,"sceneViewState":{"m_AlwaysRefresh":false,"showFog":true,"showSkybox":true,"showFlares":true,"showImageEffects":true,"showParticleSystems":true,"showVisualEffectGraphs":true,"m_FxEnabled":true},"in2DMode":false,"pivot":{"x":0.7890229225158691,"y":1.8131420612335206,"z":0.718561053276062},"rotation":{"x":-0.04232219606637955,"y":0.9548120498657227,"z":-0.16666367650032044,"w":-0.24248138070106507},"size":1.8870024681091309,"orthographic":false}